"","time","HbMet","hpx","precip","residue"
"1",0.777,0,0.000787177040818743,0.000234608183236632,8.12294213813858e-06
"2",1.778,0.000811273442140445,0,2.22525630386294e-05,7.02541411902694e-06
"3",2.778,0,0,0.000373509199640855,7.79937878998165e-06
"4",3.778,0,0.000341083167610325,0.000467027293837628,8.39892208965168e-06
"5",4.777,0,0.000188490041156154,0,6.54384893941049e-06
"6",5.777,0,0.000661289388121887,0.000233046768353128,7.01776962050821e-06
"7",6.777,0,0,0.000147745783012781,7.03180793584601e-06
"8",7.777,0,0.000310882521752523,0.000326532507994031,7.13082862346284e-06
"9",8.777,0,9.28019799634954e-05,0.000173389227051575,6.88290840063494e-06
"10",9.777,0,0,0.000358839225897153,6.27749618159518e-06
"11",10.778,7.11714891611267e-06,0.000150902776874792,0.000211820908092267,6.18224297803505e-06
"12",11.777,0,5.22978241052346e-06,0,8.62922482690189e-06
"13",12.778,0,0,0.000613968321637021,7.99068539074205e-06
"14",13.778,0,0.000117584277832335,0.000162600043515839,6.76049461705778e-06
"15",14.778,0,0,0.000773706194091986,7.96071450270576e-06
"16",15.777,0,0,0.000719185666275232,6.4117751599296e-06
"17",16.777,0,0,0.000551458870702668,8.33732527700849e-06
"18",17.777,0,0,0.000627387574175497,7.35443285506223e-06
"19",18.777,0,0,0.000589372903255099,6.97462720596272e-06
"20",19.777,0,0,0.00040736698476245,6.81938421174025e-06
"21",20.777,0,0,0.000572077365360001,7.7478337529053e-06
"22",21.777,0,0.00019660027829535,0,6.29548076002191e-06
"23",22.778,0,0.000171652201841671,0.000445735971506066,8.39311016752269e-06
"24",23.778,0,0,0.000403325949345509,7.02125931500112e-06
"25",24.778,0,0,0.000489841996456225,7.04387332416228e-06
"26",25.777,9.20039070850284e-06,8.43947960017513e-06,0.000515037088909433,9.03228037331497e-06
"27",26.777,0,0,0.000435356356383629,7.0302756417215e-06
"28",27.777,0,0,0.000503535669260663,7.94352507043933e-06
"29",28.777,0,0,0.000486813820429272,7.55624499209839e-06
"30",29.777,0,6.75505205872037e-06,0.000544895079280784,8.41402942553068e-06
"31",30.777,0,2.66082324822406e-06,0.000540164336786302,8.98002867160626e-06
"32",31.777,0,0,0.000448191501751656,7.37446300458258e-06
"33",32.777,0,0.000184277017179043,0.000237757053018059,7.2068787461766e-06
"34",33.778,0,0,0.000403306582597749,8.09380890485929e-06
"35",34.778,0,0.000622469621370087,1.78240557923412e-05,7.25822009916695e-06
"36",35.778,0,0,0.000484252530310815,6.90641094822372e-06
"37",36.777,0,0,0.000574100260035198,7.85644627330751e-06
"38",37.777,0,0,0.000485345605040198,7.34565444639834e-06
"39",38.777,0,0.000425201083104321,0.000344380659210134,5.92815830092252e-06
"40",39.777,0,0,0.000645724765944636,8.61464833542025e-06
"41",40.777,0,0,0.00063005694953471,8.76955387303358e-06
"42",41.777,0,0,0.000636842497009669,7.90617871120074e-06
"43",42.777,0,0,0.000440293893283807,7.59032389747449e-06
"44",43.778,0,0,0.000535996036413007,6.94911109641326e-06
"45",44.778,0,0,0.000558221373516955,8.07343354267133e-06
"46",45.778,0,0,0.000583604601201391,9.41722473295544e-06
"47",46.777,0,0,0.000487508226374635,6.83762892050868e-06
"48",47.777,0,0,0.000465772193389596,6.86271786497025e-06
"49",48.777,0,0.000375971189928668,0.000234929684238864,7.61439336849373e-06
"50",49.777,0,0,0.000339491657683066,6.72565129239318e-06
"51",50.777,0,0,0.000483651068251258,7.47294426137449e-06
"52",51.777,0,0,0.000400149383372173,7.40826989812903e-06
"53",52.777,0,0,0.000249274570824635,6.19622271151657e-06
"54",53.778,0,0,0.00054619520805563,7.18923502829911e-06
"55",54.778,0,0,0.000394107593640921,8.50874473108319e-06
"56",55.778,0,0,0.000419683290791801,8.23094487819877e-06
"57",56.778,0,0,0.000132852529109272,6.50647647320495e-06
"58",57.777,0,0,0.000329957202513344,7.82133751190365e-06
"59",58.777,0,3.727973063025e-05,0,7.18080626389112e-06
"60",59.777,0,0,0.000458579549774437,8.9275488493965e-06
"61",60.777,0,0,8.64240621000022e-06,7.89989642422163e-06
"62",61.777,0,0,0.000130811009901125,6.59997528035172e-06
"63",62.777,0,0,0.000140661137081001,8.2115106944207e-06
"64",63.777,0,0,0.000361569707254304,7.77606725518617e-06
"65",64.778,0,0,0,8.5294653660086e-06
"66",65.778,0,0,0.000214096206136225,7.22117266186921e-06
"67",66.778,0,0,0.000280602777229093,9.37780826206105e-06
"68",67.777,0,0,0.000300987927321126,8.08310734648671e-06
"69",68.777,0,0,0.000253236443032053,7.07116107015442e-06
"70",69.777,0,0.00046744288979228,6.97468943040146e-05,7.01689100687056e-06
"71",70.777,0,0,0.000465887532117483,7.43132287309052e-06
"72",71.777,0,0.000201403151563716,0,7.17055554571736e-06
"73",72.777,0,0,0.000362301820209173,7.30425193591727e-06
"74",73.777,0,0.000286494610696109,0.000256346319370856,9.03322331724308e-06
"75",74.778,0,2.22588894597514e-05,0.000562873610055689,7.60729248441653e-06
"76",75.778,0,0.000234730615221336,0.00016412062062916,7.19511640647037e-06
"77",76.778,0,4.46985840794766e-05,0.000639924047425583,6.86603930401987e-06
"78",77.777,0,0,0.00031561087839288,7.84393166751304e-06
"79",78.777,0,0,0.000953121914890596,8.44048335245334e-06
"80",79.777,0,0,0.00044298403500682,6.55749869827942e-06
"81",80.777,0,0.000120657409847638,0.000583241173785629,7.99786705344335e-06
"82",81.777,0,0.000195535382512328,0.000655888466434532,7.86518560392027e-06
"83",82.777,0,0.000303477409439204,0.000403695637425828,6.87014143740861e-06
"84",83.777,0.000124932707884992,0,0.000636089209796115,9.14161176670276e-06
"85",84.777,0,6.26325107365168e-05,0.000403858672198806,7.30221212723257e-06
"86",85.778,0,0.000363610350575476,0.000400500885583489,7.60426989369695e-06
"87",86.778,0,0.000257292130065507,0.000456606480097245,6.20637922536229e-06
"88",87.778,0,0.000756400019366809,0.000252279940298459,7.26724198696628e-06
"89",88.777,0,0.000186267360696598,0.000570010265521885,8.34478990222402e-06
"90",89.777,0,0.000436682419658958,0.000553732895876118,6.97392266848638e-06
"91",90.777,0,0,0.000873778970224702,8.09872845754411e-06
"92",91.777,0,7.92760816362153e-05,0.000424149427975325,6.37902507814212e-06
"93",92.777,0,0.000402822599803938,0.000567586380356589,8.12281299840974e-06
"94",93.777,0,0,0.000932091545447602,6.7781289784258e-06
"95",94.777,0,8.51334854769341e-05,0.000726475847223893,7.58341695326207e-06
"96",95.778,0,0,0.000886538845752641,7.25900633255556e-06
"97",96.778,0,0,0.000803041170886894,6.60648094176292e-06
"98",97.778,0,0.000261719841080772,0.000407000275303407,8.35800853458576e-06
"99",98.777,0,0,0.000639904480056059,6.57675908937871e-06
"100",99.777,0,0.000122802427144199,0.000491070044741723,7.1624396036375e-06
"101",100.777,0,0.000964416374481407,0.000138751749910237,6.89546668783162e-06
"102",101.777,0,0.000344027914516052,0.000365940439293045,8.49624678186635e-06
"103",102.777,0,0,0.000642701519965113,8.60816104425242e-06
"104",103.777,4.99994004544475e-05,0.000378033633531014,0,6.87814937953126e-06
"105",104.777,0,0.000613266149871949,0.000430161432310499,8.7242392831737e-06
"106",105.777,0,0,0.00085347775882545,8.48259183885091e-06
"107",106.778,0,0,0.000596286932276424,9.32713304306569e-06
"108",107.778,0,0,0.000497261830877815,8.72392535137948e-06
"109",108.778,0,0,0.000717313168466093,7.44406745550529e-06
"110",109.777,0,0,0.000554778297534172,7.23697009253036e-06
"111",110.777,0.000352102723174198,0,0.000744237555577064,7.44548541652131e-06
"112",111.777,0,0.000835847661567914,0.000123238034584749,7.3692210890912e-06
"113",112.777,0,0,0.000493292640933225,7.39525729320961e-06
"114",113.777,0,1.95592814122582e-07,0.000577193002612825,7.32934176842429e-06
"115",114.777,0,0,0.00036876874407486,6.45046414755969e-06
"116",115.777,0,0,0.000567496868671483,6.38561334310567e-06
"117",116.778,0,0.000486340227030959,0,6.66726122104879e-06
"118",117.778,0.00032611976923713,0,0.000115369425006284,7.26708647567423e-06
"119",118.778,0,0,0.000176631862540265,6.45636890444753e-06
"120",119.777,0,0,0.000310003719451041,6.93176042093401e-06
"121",120.777,0,0,0.00024788807396159,9.14808242442851e-06
"122",121.777,0,0,0.000529982242316099,7.15991956021426e-06
"123",122.777,0,7.52367261576235e-05,0,7.74514660253212e-06
"124",123.777,0,0,0.000223947460830093,6.77633747134027e-06
"125",124.777,0,0,0.000361033860912186,1.08665648973804e-05
"126",125.777,0,0,0.000499246638661655,7.09679492731083e-06
"127",126.777,0,0.00044995420501954,0.000194303583734464,8.4262759190745e-06
"128",127.778,0,0,0.000401033455347218,7.42242313599882e-06
"129",128.778,0,0,0.000152622521242649,6.68568387093047e-06
"130",129.778,0,0,0,6.63485213772723e-06
"131",130.777,0,0,0.000428835999605696,7.61235480124626e-06
"132",131.777,0,0,0,8.80869641194346e-06
"133",132.777,0,0.000170695406629862,6.7724023006541e-05,8.09146355236197e-06
"134",133.777,0,0,0.000102693406182583,6.52469946541436e-06
"135",134.777,0,0,0.000135628718020596,8.35888289737027e-06
"136",135.777,0,0,0,8.45448625199181e-06
"137",136.777,0,0,5.60966985825828e-05,7.99430646583692e-06
"138",137.778,0,0,0,7.49283808727139e-06
"139",138.778,0,0,1.14216594798078e-06,8.81988518258271e-06
"140",139.777,0,0,0,8.12506992584027e-06
"141",140.777,0,0,0,5.90302892112562e-06
"142",141.777,0,0,0,7.22483814578588e-06
"143",142.777,0,0,0,7.740403185978e-06
"144",143.777,0,0,0,7.03781647218502e-06
"145",144.777,0,0,0,6.99768961832736e-06
"146",145.777,0,0,3.07860329492058e-05,9.06655257756128e-06
"147",146.777,0,0,0,9.09784464968031e-06
"148",147.777,0,0,0.000228833109038245,8.23367935974104e-06
"149",148.778,0,0,5.54760841370197e-05,8.28594037823443e-06
"150",149.778,0,0,5.52340844610192e-05,8.8677395994527e-06
"151",150.778,0,0.000126653983312493,2.00779595255814e-05,7.83513972057633e-06
"152",151.777,0,0,0.000181938282820663,8.86816902787596e-06
"153",152.777,0,0,9.42779441117217e-05,7.56183380178534e-06
"154",153.777,0,0,0,8.07429106672657e-06
"155",154.777,0,0,5.53966678601324e-05,7.87391628879981e-06
"156",155.777,0,0,0,7.21690605301259e-06
"157",156.777,0,0,9.26076703801344e-06,8.11752305214162e-06
"158",157.777,0,0,0.000134793837974436,8.92085608392871e-06
"159",158.778,0,0,4.73381349570195e-05,8.08304429773188e-06
"160",159.777,0,0,0,7.11871422734585e-06
"161",160.778,0,0,7.60281072381457e-05,8.02480967514141e-06
"162",161.777,0,0,0,7.49778661217657e-06
"163",162.777,0,0,1.16130812976025e-05,8.23453155625127e-06
"164",163.777,0,0,0,7.76613797507995e-06
"165",164.777,0,0,0,8.52919609731466e-06
"166",165.777,0,0,0.000139565085765934,8.02390247403638e-06
"167",166.777,0,0,0,6.37688360783332e-06
"168",167.777,0,0,0,7.78406525576089e-06
"169",168.777,0,0,0,8.18411179172042e-06
"170",169.778,0,0,0,8.52413880578808e-06
"171",170.778,0,0,0,7.44512447495532e-06
"172",171.778,0,0,0,7.84768823603232e-06
"173",172.777,0,0,0,7.80548361627538e-06
"174",173.777,0,0,0,7.66270238945864e-06
"175",174.777,0,0,0,7.74439219691456e-06
"176",175.777,0,0,0,8.49219867566548e-06
"177",176.777,0,0,0,8.45403726118032e-06
"178",177.777,0,0,0,7.8728991378855e-06
"179",178.777,0,0,0.000148603480653709,7.2628152638242e-06
"180",179.777,0,0,0,7.09853457404752e-06
"181",180.778,0,0,9.62815597551325e-05,7.46608793402188e-06
"182",181.778,0,0,0,8.39594057132182e-06
"183",182.777,0,0,6.40454915829339e-05,8.57167492773038e-06
"184",183.777,0,0,0,8.4857200444044e-06
"185",184.777,0,0,0,8.25564791407645e-06
"186",185.777,0,0,0,8.36037068353909e-06
"187",186.777,0,0,0,8.5237853628496e-06
"188",187.777,0,0,0,8.19781389814481e-06
"189",188.777,0,0,0,8.12865889980442e-06
"190",189.777,0,0,0,7.32059739418567e-06
"191",190.778,0,0,0,8.42683619508477e-06
"192",191.778,0,0,0,7.21554133811573e-06
"193",192.778,0,0,0,6.60539188037096e-06
"194",193.777,0,0,0,7.57709627861932e-06
"195",194.777,0,0,0,7.94222947652519e-06
"196",195.777,0,0,0,8.12697574677163e-06
"197",196.777,0,0,0,8.33497255893397e-06
"198",197.777,0,0,0,6.18190696275326e-06
"199",198.777,0,0,0,9.6775979321285e-06
"200",199.777,0,0,0,7.89287010169432e-06
"201",200.778,0,0,0,8.07937351129727e-06
"202",201.778,0,0,0,8.92680597378708e-06
"203",202.778,0,0,0,8.08985447461483e-06
"204",203.777,0,0,0,8.68592182903841e-06
"205",204.777,0,0,0,8.50175119129135e-06
"206",205.777,0,0,0,8.24156806348569e-06
"207",206.777,0,0,9.65588814666888e-05,8.2492231565331e-06
"208",207.777,0,0,0,7.2451463374087e-06
"209",208.777,0,0,0,8.04714422676144e-06
"210",209.777,0,0,6.76456301460926e-05,6.21140090733812e-06
"211",210.778,0,0,0,6.9621141597474e-06
"212",211.778,0,0,0,9.27616652854028e-06
"213",212.778,0,0,0,5.89590234027439e-06
"214",213.777,0,0,0,8.47770795824343e-06
"215",214.777,0,0,0,8.64899468706885e-06
"216",215.777,0,0,0,7.55878345641235e-06
"217",216.777,0,0,0,8.57646165233164e-06
"218",217.777,0,0,0,9.0568934311408e-06
"219",218.777,0,0,0,8.45392382910837e-06
"220",219.777,0,0,0,7.57029731036029e-06
"221",220.777,0,0,0,7.69632311597739e-06
"222",221.778,0,0,0,7.86457245716137e-06
"223",222.778,0,0,0,9.536634268806e-06
"224",223.778,0,7.05040133739034e-05,0,7.60575822171694e-06
"225",224.777,0,0,0,1.01939577167517e-05
"226",225.777,0,0,0,8.02717185935933e-06
"227",226.777,0,0,0,7.55166042286366e-06
"228",227.777,0,0,0,7.2658475753366e-06
"229",228.777,0,0,0,6.53605685110062e-06
"230",229.777,0,0,0,7.62009081384282e-06
"231",230.777,0,0,0,7.40391402214097e-06
"232",231.778,0,0,0,7.68053614518036e-06
"233",232.778,0,0,0,9.35317394139847e-06
"234",233.778,0,0,0,7.9802837309826e-06
"235",234.777,0,0,0,8.70522607182225e-06
"236",235.777,0,0,0,8.65339476209397e-06
"237",236.777,0,0,0.000180500104684106,7.90379916443457e-06
"238",237.777,0,0,0,7.87601781771784e-06
"239",238.777,0,0,0,7.92988620677399e-06
"240",239.777,0,0,4.43786843798011e-06,7.34603035846468e-06
"241",240.777,0,0,0,6.90368262043358e-06
"242",241.777,0,0,0,7.81751077658969e-06
"243",242.778,0,0,0,7.67645756101942e-06
"244",243.778,0,0,0,7.85152440736132e-06
"245",244.778,0,0,0,8.16172469804465e-06
"246",245.777,0,0,9.84607865370863e-05,9.74152725289328e-06
"247",246.777,0,0,0,7.85305795459278e-06
"248",247.777,0,0,0,7.59835764143511e-06
"249",248.777,0,0,0,8.18165304790858e-06
"250",249.777,0,0,0,7.53314371812412e-06
"251",250.777,0,0,0,7.88913074428266e-06
"252",251.777,0,0,0,1.07452267173619e-05
"253",252.778,0,0,0,6.85661129217228e-06
"254",253.778,0,0,0,7.97498612431134e-06
"255",254.778,0,0,0,6.96270666410817e-06
"256",255.777,0,0,0,8.56512872387761e-06
"257",256.777,0,0,0,8.39308564007938e-06
"258",257.777,0,0,0,8.43622741485087e-06
"259",258.777,0,0,0,7.71799238151491e-06
"260",259.777,0,0,0,7.60637106499876e-06
"261",260.777,0,0,0,8.69688852602397e-06
"262",261.777,0,0,0,9.01018424540435e-06
"263",262.777,0,0,0,8.08961538584166e-06
"264",263.778,0,0,0,8.32734068705331e-06
"265",264.778,0,0,0,7.70775961098812e-06
"266",265.778,0,0,0,6.47880794122261e-06
"267",266.777,0,0,9.20500270403974e-05,8.11174089283277e-06
"268",267.777,0,0,0,7.84565825292141e-06
"269",268.777,0,0,0,7.2489783169381e-06
"270",269.777,0,0,0,7.27047456789517e-06
"271",270.777,0,0,0,9.46281739968827e-06
"272",271.777,0,0,0,7.85472801446608e-06
"273",272.777,0,0,0,7.45794661127188e-06
"274",273.778,0,0,0,8.32183720761278e-06
"275",274.778,0,0,0,7.74320420777131e-06
"276",275.778,0,0,6.29549102989403e-05,7.89350913540916e-06
"277",276.777,0,0,0,8.02794407442407e-06
"278",277.777,0,0,0,8.49273637906103e-06
"279",278.777,0,0,0,7.7590590212277e-06
"280",279.777,0,0,0,7.89720437538682e-06
"281",280.777,0,0,0,7.56123118590903e-06
"282",281.777,0,0,0,8.42020412413827e-06
"283",282.777,0,0,0,6.93003274061344e-06
"284",283.777,0,0,0,8.53496031361693e-06
"285",284.778,0,0,0,7.37295222904743e-06
"286",285.778,0,0,0,7.81169209923561e-06
"287",286.778,0,0,0,7.44182341513044e-06
"288",287.777,0,0,0,7.52577624296587e-06
"289",288.777,0,0,0,7.82739519016674e-06
"290",289.777,0,0,0,6.44151111528539e-06
"291",290.777,0,0,0,7.59505095968813e-06
"292",291.777,0,0,0,8.32759801890517e-06
"293",292.777,0,0,0,7.18870201741689e-06
"294",293.777,0,0,0,6.53017257524653e-06
"295",294.778,0,0,0,9.3058563709446e-06
"296",295.778,0,0,0,8.86412795353815e-06
"297",296.778,0,0,0,7.86333341320531e-06
"298",297.777,0,0,0,9.33589235889599e-06
"299",298.777,0,0,0,6.74919536023284e-06
"300",299.777,0,0,0,9.71135524327057e-06
"301",300.777,0,0,0,8.02665857795145e-06
"302",301.777,0,0,0,8.45669644973906e-06
"303",302.777,0,0,0,7.74351341971105e-06
"304",303.777,0,0,0,7.5991894777495e-06
"305",304.777,0,0,0.000139834034701735,9.86481540688823e-06
"306",305.778,0,0,0,8.45646051851148e-06
"307",306.778,0,0,0,7.72408794285389e-06
"308",307.778,0,0,0,7.47399117739333e-06
"309",308.777,0,0,0,7.4565491675096e-06
"310",309.777,0,0,0,7.82955918868645e-06
"311",310.777,0,0,0,7.74586901046813e-06
"312",311.777,0,0,0,6.28997203625875e-06
"313",312.777,0,0,0,6.69621985565257e-06
"314",313.777,0,0,0,7.35646402570377e-06
"315",314.777,0,0,0,8.72718257109477e-06
"316",315.778,0,0,0,7.26396782930069e-06
"317",316.778,0,0,0,7.84224646691769e-06
"318",317.778,0,0,0,7.6018656985176e-06
"319",318.777,0,0,0,9.37918391965407e-06
"320",319.777,0,0,0,7.95890091745155e-06
"321",320.777,0,0,0,7.8307913556958e-06
"322",321.777,0,0,0,7.42581577851306e-06
"323",322.777,0,0,0,9.15365278911123e-06
"324",323.777,0,0,0,8.34402177894111e-06
"325",324.777,0,0,2.66543017403108e-05,9.33462632293357e-06
"326",325.777,0,0,0,8.49256456678755e-06
"327",326.778,0,0,8.09432989192911e-05,8.11747437923357e-06
"328",327.778,0,0,0,7.31792196422944e-06
"329",328.778,0,0,0,7.43998783342777e-06
"330",329.777,0,0,3.97297939069537e-05,7.74310923479822e-06
"331",330.777,0,0,0,7.60735913004866e-06
"332",331.777,0,0,0,7.06238352054091e-06
"333",332.777,0,0,0,8.1425607776538e-06
"334",333.777,0,0,0,8.6332421354372e-06
"335",334.777,0,0,0,8.28553170882151e-06
"336",335.777,0,0,0,8.15072973383596e-06
"337",336.778,0,0,0,8.45044060985471e-06
"338",337.778,0,0,0,9.77219921197415e-06
"339",338.778,0,0,0,6.88165886860877e-06
"340",339.777,0,0,0,8.07209289472005e-06
"341",340.777,0,0,0,8.90887985464044e-06
"342",341.777,0,0,0,8.39954448229261e-06
"343",342.777,0,0,6.83664216827814e-05,9.81901953534024e-06
"344",343.777,0,0,0,9.79601621011632e-06
"345",344.777,0,0,0,8.86673392410692e-06
"346",345.777,0,0,0,8.99275401255595e-06
"347",346.778,0,0,0,7.26180511507803e-06
"348",347.778,0,0,0,7.57568723992032e-06
"349",348.778,0,0,0,8.40804699964446e-06
"350",349.778,0,0,0,8.23697303154814e-06
"351",350.777,0,0,0.000160606660937219,8.10712273793323e-06
"352",351.777,0,0,0,6.86747409465073e-06
"353",352.777,0,0,0,7.95021306419585e-06
"354",353.777,0,0,0,8.59800479761081e-06
"355",354.777,0,0,0,8.99327279167436e-06
"356",355.777,0,0,0,8.90362543397474e-06
"357",356.777,0,0,0,8.20185626192994e-06
"358",357.778,0,0,0,7.46793847348488e-06
"359",358.778,0,0,0,6.93068272213153e-06
"360",359.778,0,0,0,6.55785586654657e-06
"361",360.777,0,0,0,7.50836773054498e-06
"362",361.777,0,0,0,8.09500338569499e-06
"363",362.777,0,0,0,9.60778840024583e-06
"364",363.777,0,0,0,8.31769642318644e-06
"365",364.777,0,0,0,7.66730196406676e-06
"366",365.777,0,0,0,9.83704255314738e-06
"367",366.777,0,0,0,9.06135417415558e-06
"368",367.778,0,0,0,7.75574145229652e-06
"369",368.778,0,0,0,7.4826426027945e-06
"370",369.777,0,0,0,8.23785275203259e-06
"371",370.777,0,0,0,5.88008108937186e-06
"372",371.777,0,0,0,7.47364599626717e-06
"373",372.777,0,0,0,8.32621653962454e-06
"374",373.777,0,0,0,8.36099622459351e-06
"375",374.777,0,0,0,8.43808653771495e-06
"376",375.777,0,0,9.12335500217947e-05,8.80285864730915e-06
"377",376.777,0,0,0,8.73493472646442e-06
"378",377.777,0,0,0,8.10930675905172e-06
"379",378.778,0,0,0,8.32856601543504e-06
"380",379.777,0,0,0,7.04579669072581e-06
"381",380.778,0,0,0,7.25326068942788e-06
"382",381.777,0,0,0,8.27817046000189e-06
"383",382.777,0,9.50512071237627e-05,0,7.99390047140607e-06
"384",383.777,0,0,9.37782830533109e-05,9.19397852992129e-06
"385",384.777,0,0,0,7.51004887059508e-06
"386",385.777,0,0,0,8.30028255248104e-06
"387",386.777,0,0,0,8.57094330006406e-06
"388",387.777,0,0,0,8.44021243814583e-06
"389",388.778,0,0,0,8.62252202671714e-06
"390",389.778,0,0,0,9.32516545196072e-06
"391",390.778,0,0,0,6.86503305709664e-06
"392",391.777,0,0,0,8.04052010413606e-06
"393",392.777,0,0,0,7.47299409429757e-06
"394",393.777,0,0,0,7.83819927831624e-06
"395",394.777,0,0,8.076413367857e-05,8.71328088881012e-06
"396",395.777,0,0,0,7.71689669028302e-06
"397",396.777,0,0,0,9.180714323648e-06
"398",397.777,0,0,0,6.47009146860019e-06
"399",398.777,0,0,0,8.07720804827522e-06
"400",399.778,0,0,1.07320578701925e-06,8.54499557157733e-06
"401",400.778,0,0,0,6.96312722023878e-06
"402",401.778,0,0,0,6.79334855261891e-06
"403",402.777,0,0,0,7.60715198293974e-06
"404",403.777,0,0,0,8.46946529877093e-06
"405",404.777,0,0,0,8.85302938346911e-06
"406",405.777,0,0,0,7.50456887560834e-06
"407",406.777,0,0,0,8.93697993825756e-06
"408",407.777,0,0,0,9.81486169464622e-06
"409",408.777,0,0,0,9.3539219006261e-06
"410",409.778,0,0,0,9.0248746144908e-06
"411",410.778,0,0,0,8.49126389187496e-06
"412",411.778,0,0,0,6.60251686729218e-06
"413",412.777,0,0,0,8.41904642334542e-06
"414",413.777,0,0,0,6.36071555546262e-06
"415",414.777,0,0,0,7.61803016379397e-06
"416",415.777,0,0,0,7.80999984738975e-06
"417",416.777,0,0,0,7.92088385058338e-06
"418",417.777,0,0,0,7.82882802325227e-06
"419",418.777,0,0,0,8.64797532406625e-06
"420",419.777,0,0,0,8.43988041353916e-06
"421",420.778,0,0,0,7.28574866087768e-06
"422",421.778,0,0,0,7.75597461014077e-06
"423",422.778,0,0,0,8.94281738645305e-06
"424",423.777,0,0,0,8.08961772833984e-06
"425",424.777,0,0,0,7.93972759134237e-06
"426",425.777,0,0,0,7.76677361376576e-06
"427",426.777,0,0,0,8.24793795432799e-06
"428",427.777,0,0,0,7.36847073609785e-06
"429",428.777,0,0,0,7.31781765938499e-06
"430",429.777,0,0,4.84896610049007e-05,9.49298284966587e-06
"431",430.778,0,0,0,7.11518778378337e-06
"432",431.778,0,0,0,9.10469410883854e-06
"433",432.778,0,0,0,7.55843428993885e-06
"434",433.777,0,0,0,8.20068959414196e-06
"435",434.777,0,0,0,9.51757204759633e-06
"436",435.777,0,0,0.000233326007483643,9.71069628341857e-06
"437",436.777,0,0,0,8.4578163116897e-06
"438",437.777,0,0,0,1.02790712160123e-05
"439",438.777,0,0,0,8.22091659171329e-06
"440",439.778,0,0,0,7.26788507502283e-06
"441",440.777,0,0,0,7.36605976638039e-06
"442",441.778,0,0,0,7.99126164371863e-06
"443",442.778,0,0,0,6.80311561159788e-06
"444",443.778,0,0,0,9.03405235071779e-06
"445",444.777,0,0,0,8.29958314127456e-06
"446",445.777,0,0,0,8.26031813660361e-06
"447",446.777,0,0,0,8.04232426319654e-06
"448",447.777,0,0,0,6.99552327936517e-06
"449",448.777,0,0,0,8.48262854835917e-06
"450",449.779,0,0,0,8.72747954983355e-06
"451",450.777,0,0,0.000218039491985695,8.39372658064077e-06
"452",451.778,0,0,0,7.16877338344638e-06
"453",452.778,0,0,0,8.35662747276882e-06
"454",453.778,0,0,0,6.59233205688281e-06
"455",454.777,0,0,0,8.74192067103826e-06
"456",455.777,0,0,0,8.63202924183997e-06
"457",456.777,0,0,0,7.58996542153032e-06
"458",457.777,0,0,0,7.97036920420601e-06
"459",458.777,0,0,0,7.68636493152166e-06
"460",459.78,0,0,0,8.45404214237333e-06
"461",460.777,0,0,0,7.47578984053262e-06
"462",461.778,0,0,0,8.60087981911277e-06
"463",462.778,0,0,0,7.89119507926201e-06
"464",463.778,0,0,0,8.31633887657624e-06
"465",464.778,0,0,0,1.01410919109559e-05
"466",465.777,0,0,6.13323365541092e-06,7.47995310387432e-06
"467",466.777,0,0,0,7.16756826676138e-06
"468",467.777,0,0,0,8.09553110537545e-06
"469",468.777,0,0,0,8.50590924927629e-06
"470",469.781,0,0,0,7.80144208786168e-06
"471",470.777,0,0,0,8.93739259856407e-06
"472",471.777,0,0,0,7.11469011494505e-06
"473",472.778,0,0,0,8.39605573047792e-06
"474",473.778,0,0,0,8.17515540844033e-06
"475",474.778,0,0,2.71256966719733e-05,8.81639890671513e-06
"476",475.777,0,0,0.000157092537059655,9.34820172317345e-06
"477",476.777,0,0,0,8.51981104584375e-06
"478",477.777,0,0,0.00013202374628861,8.94790385975018e-06
"479",478.777,0,0,0,6.03903186350206e-06
"480",479.782,0,0,0,7.19856366400514e-06
"481",480.777,0,6.04219847740782e-06,0,8.24321705925603e-06
"482",481.777,0,0,0,9.03756287453154e-06
"483",482.778,0,0,0,9.23329018491379e-06
"484",483.778,0,0,0,8.0274019208453e-06
"485",484.778,0,0,0,8.09447048766208e-06
"486",485.777,0,0,0,6.80206834982823e-06
"487",486.777,0,0,0,7.66208890048118e-06
"488",487.777,0,0,0,8.8285038895433e-06
"489",488.777,0,0,0,6.22077451844904e-06
"490",489.782,0,0,0,8.81511318602031e-06
"491",490.777,0,0,0,7.98265144953902e-06
"492",491.777,0,0,6.23913400481456e-05,7.42744552895808e-06
"493",492.777,0,0,0,7.78696726727877e-06
"494",493.778,0,0,0,7.96070239014926e-06
"495",494.778,0,0,0,7.53862175006563e-06
"496",495.778,0,0,0,7.93424598332906e-06
"497",496.777,0,0,0,1.00858271935182e-05
"498",497.777,0,0,0,9.07113702491381e-06
"499",498.777,0,0,2.07978066570195e-05,8.27220507148425e-06
"500",499.784,0,0,0,8.14647776586994e-06
"501",500.777,0,0,0,8.8215018262388e-06
"502",501.777,0,0,0,8.3802978958462e-06
"503",502.777,0,0,0,8.3663877470744e-06
"504",503.778,0,0,0,8.14094222210889e-06
"505",504.778,0,0,0,8.05365391797449e-06
"506",505.778,0,0,0,8.65339590946823e-06
"507",506.777,0,0,0,8.62648075548031e-06
"508",507.777,0,0,0,9.16528939143499e-06
"509",508.777,0,0,0,8.58564548355538e-06
"510",509.785,0,0,0.000115559735248609,9.8550811344661e-06
"511",510.777,0,0,0,8.01132374881083e-06
"512",511.777,0,0,0,5.89805274469111e-06
"513",512.777,0,0,0,7.21704340046093e-06
"514",513.777,0,0,0,6.84446915563911e-06
"515",514.778,0,0,0,7.36164826637462e-06
"516",515.778,0,0,6.20604768387418e-05,9.33880864062456e-06
"517",516.778,0,0,0,8.02265100947423e-06
"518",517.777,0,0,0,8.80940263338329e-06
"519",518.777,0,0,0,8.74129549128539e-06
"520",519.786,0,0,0,8.31030936928636e-06
"521",520.777,0,0,0,7.96223686721297e-06
"522",521.777,0,0,0,7.64872856120499e-06
"523",522.777,0,0,0,8.23675950814154e-06
"524",523.777,0,0,0,7.48705089395024e-06
"525",524.778,0,0,9.34169354649664e-05,8.00714606423502e-06
"526",525.778,0,0,0,9.17881703547722e-06
"527",526.778,0,0,0.000138610490985609,9.69230102833974e-06
"528",527.777,0,0,0,6.76643384469357e-06
"529",528.777,0,0,0,6.87350196116649e-06
"530",529.787,0,0,0,8.50931031547521e-06
"531",530.777,0,0,0,8.47353495774693e-06
"532",531.777,0,0,0,9.17185631748001e-06
"533",532.777,0,0,0,8.34550317490282e-06
"534",533.777,0,0,0,8.07205390337331e-06
"535",534.777,0,0,0,7.12016118034208e-06
"536",535.778,0,0,0,7.13005475358994e-06
"537",536.778,0,0,0,8.55194872549951e-06
"538",537.778,0,0,0,8.0526579461328e-06
"539",538.777,0,0,0,8.97320324492713e-06
"540",539.788,0,0,2.35694752743045e-05,9.01003774654786e-06
"541",540.777,0,0,0,8.63306946472071e-06
"542",541.777,0,0,0,9.92785289956829e-06
"543",542.777,0,0,0.00012540611222159,8.5174080908606e-06
"544",543.777,0,0,0,7.00247347894531e-06
"545",544.777,0,0,1.54734746354311e-05,7.98386483749052e-06
"546",545.778,0,0,0,7.16766666147952e-06
"547",546.778,0,0,0,6.94434472983923e-06
"548",547.778,0,0,0,8.42384933141814e-06
"549",548.777,0,0,0,6.27253146836907e-06
"550",549.788,0,0,0,8.20837090928384e-06
"551",550.777,0,0,0,8.60205879329121e-06
"552",551.777,0,0,0,6.65296927589055e-06
"553",552.777,0,0,0,6.94776703206848e-06
"554",553.777,0,0,0,7.8662475156006e-06
"555",554.777,0,0,0,7.12817763044368e-06
"556",555.777,0,0,0,6.81737557239403e-06
"557",556.778,0,0,0,7.16049506281966e-06
"558",557.778,0,0,0,7.09182675911683e-06
"559",558.777,0,0,0,7.48968458856157e-06
"560",559.789,0,1.73365545057554e-06,8.29473198604131e-05,8.10340715417328e-06
"561",560.777,0,0,0.000101861802967755,8.43446000752988e-06
"562",561.777,0,0,0,7.82367442259128e-06
"563",562.777,0,0,0,9.46113795021154e-06
"564",563.777,0,0,1.58125249595998e-06,9.09277854220271e-06
"565",564.777,0,0,2.24493889726429e-05,9.11339124072318e-06
"566",565.777,0,0,0,8.95301660118836e-06
"567",566.778,0,0,0,9.05987139850445e-06
"568",567.778,0,0,0,7.50162730110673e-06
"569",568.778,0,0,0,8.53960513308346e-06
"570",569.79,0,8.77558816115014e-05,7.37122325982823e-05,8.21826069341363e-06
"571",570.777,0,0,0,7.9346555775148e-06
"572",571.777,0,0,0,8.85515479263341e-06
"573",572.777,0,0,0,1.0588598683626e-05
"574",573.777,0,0,0,6.76229562414624e-06
"575",574.777,0,0,0,7.6977129737775e-06
"576",575.777,0,0,7.26468852000052e-06,1.02686163241264e-05
"577",576.777,0,0,0,8.24353854923414e-06
"578",577.778,0,0,2.90488381046353e-05,7.91314337748451e-06
"579",578.778,0,0,2.2161741401272e-05,7.7914516063763e-06
"580",579.792,0,0,7.571514811e-05,8.77652866163492e-06
"581",580.777,0,0,0.000173972890162318,7.9853267124769e-06
"582",581.777,0,0,0,7.46970615208586e-06
"583",582.777,0,0,4.80178781389801e-05,8.22966018876661e-06
"584",583.777,0,0,0,7.53414755302564e-06
"585",584.777,0,0,0,8.59516774295934e-06
"586",585.777,0,0,0,8.2988483915924e-06
"587",586.777,0,0.000187412004800319,0,7.57535882774329e-06
"588",587.778,0,0,0,7.75153738430937e-06
"589",588.778,0,0,0,7.06153406025244e-06
"590",589.793,0,0,0,6.93216279002443e-06
"591",590.777,0,0,2.49929496360927e-05,8.70263927549363e-06
"592",591.777,0,0,0.000119314337661855,9.38550396415622e-06
"593",592.777,0,0,0,8.5573609131814e-06
"594",593.777,0,0,0,7.68182748164225e-06
"595",594.777,0,0,0,6.80883909546086e-06
"596",595.777,0,0,4.83982664278187e-06,8.7065055899841e-06
"597",596.777,0,8.82304327382164e-05,0,7.62972170885269e-06
"598",597.777,0,0,0,8.39796258994984e-06
"599",598.778,0,0,0.000142382534323775,7.49395613554976e-06
"600",599.794,0,0,7.23552055219869e-05,7.99234739510985e-06
"601",600.777,0,0,0,8.34009563563778e-06
